<?xml version="1.0" encoding="utf-8"?>
<ModMetaData>
	<name>Blueprint Material Debt</name>
	<author>Ben Lubar</author>
    <packageId>me.lubar.BlueprintMaterialDebt</packageId>
	<supportedVersions>
		<li>1.3</li>
	</supportedVersions>
	<description>Subtracts materials needed for blueprints from your stockpiled material count.</description>
	<url>https://git.lubar.me/rimworld-mods/blueprint-material-debt</url>
	<modDependencies>
		<li>
			<packageId>UnlimitedHugs.HugsLib</packageId>
			<displayName>HugsLib</displayName>
			<downloadUrl>https://github.com/UnlimitedHugs/RimworldHugsLib/releases/latest</downloadUrl>
			<steamWorkshopUrl>steam://url/CommunityFilePage/818773962</steamWorkshopUrl>
		</li>
	</modDependencies>
	<loadAfter>
		<li>UnlimitedHugs.HugsLib</li>
	</loadAfter>
</ModMetaData>
